[{"id":"user-image-CharBoard_matchingCutting.png","fileName":"CharBoard_matchingCutting.png","name":"CharBoard_matchingCutting","publicUrl":"https://assets.nicepagecdn.com/037ced4a/6616528/images/CharBoard_matchingCutting.png","size":1476406,"hash":"6XB8J5LTwMDhrZsuuvbpk8yOqBw=","width":1344,"height":768,"folderId":null,"thumbnail":{"url":"https://assets.nicepagecdn.com/037ced4a/6616528/images/thumbnails/CharBoard_matchingCutting.png","width":150,"height":86},"usages":["1794203431"]},{"id":"user-image-SquirrelTableWsquirrel.png","fileName":"SquirrelTableWsquirrel.png","name":"SquirrelTableWsquirrel","publicUrl":"https://assets.nicepagecdn.com/037ced4a/6616528/images/SquirrelTableWsquirrel.png","size":2537728,"hash":"giaTXqIrqdE6Zs2Lb0WZTFSw2hY=","width":1344,"height":768,"folderId":null,"thumbnail":{"url":"https://assets.nicepagecdn.com/037ced4a/6616528/images/thumbnails/SquirrelTableWsquirrel.png","width":150,"height":86},"usages":["1794203431"]},{"id":"user-image-AnniversayEngraving.jpg","fileName":"AnniversayEngraving.jpg","name":"AnniversayEngraving","publicUrl":"https://assets.nicepagecdn.com/037ced4a/6616528/images/AnniversayEngraving.jpg","size":380854,"hash":"9rs171MukyUSyWWySguYQ+m7Dvs=","width":1080,"height":1084,"folderId":null,"thumbnail":{"url":"https://assets.nicepagecdn.com/037ced4a/6616528/images/thumbnails/AnniversayEngraving.jpg","width":149,"height":150},"usages":["1794203431"]},{"id":"user-image-LawnChairs-outside.png","fileName":"LawnChairs-outside.png","name":"LawnChairs-outside","publicUrl":"https://assets.nicepagecdn.com/037ced4a/6616528/images/LawnChairs-outside.png","size":2521641,"hash":"zQ4n+B1+8C7GBsZnd7BaICCbHkE=","width":1344,"height":768,"folderId":null,"thumbnail":{"url":"https://assets.nicepagecdn.com/037ced4a/6616528/images/thumbnails/LawnChairs-outside.png","width":150,"height":86},"usages":["1794203431"]},{"id":"user-image-MalletEngraved-sm.jpg","fileName":"MalletEngraved-sm.jpg","name":"MalletEngraved-sm","publicUrl":"https://assets.nicepagecdn.com/037ced4a/6616528/images/MalletEngraved-sm.jpg","size":341335,"hash":"nYF4sc7yjGsgEYaerOT5Tr8pd3Y=","width":1204,"height":1080,"folderId":null,"thumbnail":{"url":"https://assets.nicepagecdn.com/037ced4a/6616528/images/thumbnails/MalletEngraved-sm.jpg","width":150,"height":135},"usages":["1794203431"]},{"id":"user-image-MatchingLeafBoards-sm.jpg","fileName":"MatchingLeafBoards-sm.jpg","name":"MatchingLeafBoards-sm","publicUrl":"https://assets.nicepagecdn.com/037ced4a/6616528/images/MatchingLeafBoards-sm.jpg","size":833881,"hash":"h0MGIs+SZC2ccG5ULAojyoWS8mA=","width":1918,"height":1080,"folderId":null,"thumbnail":{"url":"https://assets.nicepagecdn.com/037ced4a/6616528/images/thumbnails/MatchingLeafBoards-sm.jpg","width":150,"height":84},"usages":[]},{"id":"user-image-20251115_170309Large.jpg","fileName":"20251115_170309Large.jpg","name":"20251115_170309Large","publicUrl":"https://assets.nicepagecdn.com/037ced4a/6616528/images/20251115_170309Large.jpg","size":718351,"hash":"/0cfQGQ/Gnqu0P5rkY5xFIw+FYE=","width":1918,"height":1080,"folderId":null,"thumbnail":{"url":"https://assets.nicepagecdn.com/037ced4a/6616528/images/thumbnails/20251115_170309Large.jpg","width":150,"height":84},"usages":["1794203431"]},{"id":"user-image-BathroomLaddershelf-sm.png","fileName":"BathroomLaddershelf-sm.png","name":"BathroomLaddershelf-sm","publicUrl":"https://assets.nicepagecdn.com/037ced4a/6616528/images/BathroomLaddershelf-sm.png","size":2741175,"hash":"DFR9Zw4Yg/Jj7BoFaW8jvdUEoVU=","width":1920,"height":1072,"folderId":null,"thumbnail":{"url":"https://assets.nicepagecdn.com/037ced4a/6616528/images/thumbnails/BathroomLaddershelf-sm.png","width":150,"height":84},"usages":["1794203431"]},{"id":"user-image-20250830_141145Large.jpg","fileName":"20250830_141145Large.jpg","name":"20250830_141145Large","publicUrl":"https://assets.nicepagecdn.com/037ced4a/6616528/images/20250830_141145Large.jpg","size":462089,"hash":"mek2wuPgK1fBztY92mJgtSHgtGY=","width":1833,"height":1080,"folderId":null,"thumbnail":{"url":"https://assets.nicepagecdn.com/037ced4a/6616528/images/thumbnails/20250830_141145Large.jpg","width":150,"height":88},"usages":[]},{"id":"user-image-20250920_151858Large.jpg","fileName":"20250920_151858Large.jpg","name":"20250920_151858Large","publicUrl":"https://assets.nicepagecdn.com/037ced4a/6616528/images/20250920_151858Large.jpg","size":521644,"hash":"Ba7pS72rwsbElDgtgCMn9KnhZs8=","width":1433,"height":1080,"folderId":null,"thumbnail":{"url":"https://assets.nicepagecdn.com/037ced4a/6616528/images/thumbnails/20250920_151858Large.jpg","width":150,"height":113},"usages":["1794203431"]},{"id":"user-image-20250907_154841Large.jpg","fileName":"20250907_154841Large.jpg","name":"20250907_154841Large","publicUrl":"https://assets.nicepagecdn.com/037ced4a/6616528/images/20250907_154841Large.jpg","size":884903,"hash":"sFPpsTLkgF2MghuyokRbc1ZWrFM=","width":1918,"height":1080,"folderId":null,"thumbnail":{"url":"https://assets.nicepagecdn.com/037ced4a/6616528/images/thumbnails/20250907_154841Large.jpg","width":150,"height":84},"usages":["1794203431"]},{"id":"user-image-20250820.jpg","fileName":"20250820.jpg","name":"20250820","publicUrl":"https://assets.nicepagecdn.com/037ced4a/6616528/images/20250820.jpg","size":489442,"hash":"sMnMWsc1niT71OUNvjSgbsX2aj8=","width":1900,"height":925,"folderId":null,"thumbnail":{"url":"https://assets.nicepagecdn.com/037ced4a/6616528/images/thumbnails/20250820.jpg","width":150,"height":73},"usages":["1794203431"]},{"id":"user-image-20250819_152855Large.jpg","fileName":"20250819_152855Large.jpg","name":"20250819_152855Large","publicUrl":"https://assets.nicepagecdn.com/037ced4a/6616528/images/20250819_152855Large.jpg","size":672328,"hash":"9ZqEObzR/d+R3oCvLz3Dzodczgs=","width":1080,"height":1918,"folderId":null,"thumbnail":{"url":"https://assets.nicepagecdn.com/037ced4a/6616528/images/thumbnails/20250819_152855Large.jpg","width":84,"height":150},"usages":[]},{"id":"user-image-20241225_095732Large.jpg","fileName":"20241225_095732Large.jpg","name":"20241225_095732Large","publicUrl":"https://assets.nicepagecdn.com/037ced4a/6616528/images/20241225_095732Large.jpg","size":677565,"hash":"Wbq+E24J1OV0dc4eM19IEV/TpEU=","width":1387,"height":1080,"folderId":null,"thumbnail":{"url":"https://assets.nicepagecdn.com/037ced4a/6616528/images/thumbnails/20241225_095732Large.jpg","width":150,"height":117},"usages":["1794203431"]},{"id":"user-image-Woodjiggerygray.svg","fileName":"Woodjiggerygray.svg","name":"Woodjiggerygray","publicUrl":"https://assets.nicepagecdn.com/037ced4a/6616528/images/Woodjiggerygray.svg","size":47297,"hash":"PsUxWjc3ycfapxf1p1uhIwM2pcc=","width":210,"height":92,"folderId":null,"thumbnail":{"url":"https://assets.nicepagecdn.com/037ced4a/6616528/images/Woodjiggerygray.svg","width":210,"height":92},"usages":[]},{"id":"user-image-PicnicTable2.jpg","fileName":"PicnicTable2.jpg","name":"PicnicTable2","publicUrl":"https://assets.nicepagecdn.com/037ced4a/6616528/images/PicnicTable2.jpg","size":510036,"hash":"rZIqjk4RZklwgfThoSl7bzQDRpg=","width":1920,"height":1080,"folderId":null,"thumbnail":{"url":"https://assets.nicepagecdn.com/037ced4a/6616528/images/thumbnails/PicnicTable2.jpg","width":150,"height":84},"usages":[]},{"id":"user-image-Trivet1.jpg","fileName":"Trivet1.jpg","name":"Trivet1","publicUrl":"https://assets.nicepagecdn.com/037ced4a/6616528/images/Trivet1.jpg","size":1041407,"hash":"+Aos9G0FrZAPVpkJ0ESpw5eiLls=","width":1920,"height":1800,"folderId":null,"thumbnail":{"url":"https://assets.nicepagecdn.com/037ced4a/6616528/images/thumbnails/Trivet1.jpg","width":150,"height":141},"usages":["28158542","1794203431"]},{"id":"user-image-CandleHoldersmall-sm.png","fileName":"CandleHoldersmall-sm.png","name":"CandleHoldersmall-sm","publicUrl":"https://assets.nicepagecdn.com/037ced4a/6616528/images/CandleHoldersmall-sm.png","size":2631955,"hash":"tMrgaqi2clm+mfKUgixLDDD8kd0=","width":1610,"height":1080,"folderId":null,"thumbnail":{"url":"https://assets.nicepagecdn.com/037ced4a/6616528/images/thumbnails/CandleHoldersmall-sm.png","width":150,"height":101},"usages":["28158542","1794203431"]},{"id":"user-image-CandleHolder01.png","fileName":"CandleHolder01.png","name":"CandleHolder01","publicUrl":"https://assets.nicepagecdn.com/037ced4a/6616528/images/CandleHolder01.png","size":1618255,"hash":"/F3lIl0P/vZhTRdD5yozVWebWwA=","width":1024,"height":1024,"folderId":null,"thumbnail":{"url":"https://assets.nicepagecdn.com/037ced4a/6616528/images/thumbnails/CandleHolder01.png","width":150,"height":150},"usages":["28158542","1794203431"]},{"id":"user-image-photo-1581331583311-6f686f2a8668.jpeg","fileName":"photo-1581331583311-6f686f2a8668.jpeg","name":"photo-1581331583311-6f686f2a8668","publicUrl":"https://assets.nicepagecdn.com/037ced4a/6616528/images/photo-1581331583311-6f686f2a8668.jpeg","size":111075,"hash":"WyD/aWWTfeEOs2cebCHE+Ev3YJ8=","width":1080,"height":719,"folderId":null,"thumbnail":{"url":"https://assets.nicepagecdn.com/037ced4a/6616528/images/thumbnails/photo-1581331583311-6f686f2a8668.jpeg","width":150,"height":100},"originalUrl":"https://images.unsplash.com/photo-1581331583311-6f686f2a8668?crop=entropy&cs=tinysrgb&fit=max&fm=jpg&ixid=M3w1NzgzNjl8MHwxfGNvbGxlY3Rpb258NXxtd2hxRGdiQV9tSXx8fHx8Mnx8MTc3MDA2NDQxM3w&ixlib=rb-4.1.0&q=80&w=1080","usages":[]},{"id":"user-image-photo-1590530049981-bec306d19336.jpeg","fileName":"photo-1590530049981-bec306d19336.jpeg","name":"photo-1590530049981-bec306d19336","publicUrl":"https://assets.nicepagecdn.com/037ced4a/6616528/images/photo-1590530049981-bec306d19336.jpeg","size":60355,"hash":"Ri2jfPLO0UtHYQ8UCdbXrIzXBUY=","width":1080,"height":720,"folderId":null,"thumbnail":{"url":"https://assets.nicepagecdn.com/037ced4a/6616528/images/thumbnails/photo-1590530049981-bec306d19336.jpeg","width":150,"height":100},"originalUrl":"https://images.unsplash.com/photo-1590530049981-bec306d19336?crop=entropy&cs=tinysrgb&fit=max&fm=jpg&ixid=M3w1NzgzNjl8MHwxfGNvbGxlY3Rpb258MTV8bXdocURnYkFfbUl8fHx8fDJ8fDE3NzAwNjQ0MTN8&ixlib=rb-4.1.0&q=80&w=1080","usages":[]},{"id":"user-image-photo-1683115098695-229f4009390b.jpeg","fileName":"photo-1683115098695-229f4009390b.jpeg","name":"photo-1683115098695-229f4009390b","publicUrl":"https://assets.nicepagecdn.com/037ced4a/6616528/images/photo-1683115098695-229f4009390b.jpeg","size":89568,"hash":"Ikc7oD76BJTQ+ItusoEOYo/ydy0=","width":1080,"height":715,"folderId":null,"thumbnail":{"url":"https://assets.nicepagecdn.com/037ced4a/6616528/images/thumbnails/photo-1683115098695-229f4009390b.jpeg","width":150,"height":99},"originalUrl":"https://images.unsplash.com/photo-1683115098695-229f4009390b?crop=entropy&cs=tinysrgb&fit=max&fm=jpg&ixid=M3w1NzgzNjl8MHwxfGNvbGxlY3Rpb258MTh8bXdocURnYkFfbUl8fHx8fDJ8fDE3NzAwNjQ0MTN8&ixlib=rb-4.1.0&q=80&w=1080","usages":[]},{"id":"user-image-photo-1559825491-a529dd302927.jpeg","fileName":"photo-1559825491-a529dd302927.jpeg","name":"photo-1559825491-a529dd302927","publicUrl":"https://assets.nicepagecdn.com/037ced4a/6616528/images/photo-1559825491-a529dd302927.jpeg","size":118889,"hash":"FuN+xznfwc+qOhTRpFC7huxBVu0=","width":1080,"height":1080,"folderId":null,"thumbnail":{"url":"https://assets.nicepagecdn.com/037ced4a/6616528/images/thumbnails/photo-1559825491-a529dd302927.jpeg","width":150,"height":150},"originalUrl":"https://images.unsplash.com/photo-1559825491-a529dd302927?crop=entropy&cs=tinysrgb&fit=max&fm=jpg&ixid=M3w1NzgzNjl8MHwxfGNvbGxlY3Rpb258N3xtd2hxRGdiQV9tSXx8fHx8Mnx8MTc3MDA2NDQxM3w&ixlib=rb-4.1.0&q=80&w=1080","usages":[]},{"id":"user-image-photo-1674562266463-640ee94e3e0e.jpeg","fileName":"photo-1674562266463-640ee94e3e0e.jpeg","name":"photo-1674562266463-640ee94e3e0e","publicUrl":"https://assets.nicepagecdn.com/037ced4a/6616528/images/photo-1674562266463-640ee94e3e0e.jpeg","size":144648,"hash":"K+jl8SUmqeeN9n7gbpurEemkAwI=","width":1080,"height":1080,"folderId":null,"thumbnail":{"url":"https://assets.nicepagecdn.com/037ced4a/6616528/images/thumbnails/photo-1674562266463-640ee94e3e0e.jpeg","width":150,"height":150},"originalUrl":"https://images.unsplash.com/photo-1674562266463-640ee94e3e0e?crop=entropy&cs=tinysrgb&fit=max&fm=jpg&ixid=M3w1NzgzNjl8MHwxfGNvbGxlY3Rpb258MTd8bXdocURnYkFfbUl8fHx8fDJ8fDE3NzAwNjQ0MTN8&ixlib=rb-4.1.0&q=80&w=1080","usages":[]},{"id":"user-image-photo-1590529989936-f6efdf774c23.jpeg","fileName":"photo-1590529989936-f6efdf774c23.jpeg","name":"photo-1590529989936-f6efdf774c23","publicUrl":"https://assets.nicepagecdn.com/037ced4a/6616528/images/photo-1590529989936-f6efdf774c23.jpeg","size":163964,"hash":"sen6YOUG8OHSiTDPXQzB0PUCnq4=","width":1080,"height":1620,"folderId":null,"thumbnail":{"url":"https://assets.nicepagecdn.com/037ced4a/6616528/images/thumbnails/photo-1590529989936-f6efdf774c23.jpeg","width":100,"height":150},"originalUrl":"https://images.unsplash.com/photo-1590529989936-f6efdf774c23?crop=entropy&cs=tinysrgb&fit=max&fm=jpg&ixid=M3w1NzgzNjl8MHwxfGNvbGxlY3Rpb258MTZ8bXdocURnYkFfbUl8fHx8fDJ8fDE3NzAwNjQ0MTN8&ixlib=rb-4.1.0&q=80&w=1080","usages":[]},{"id":"user-image-photo-1615307815199-f7af02630b9e.jpeg","fileName":"photo-1615307815199-f7af02630b9e.jpeg","name":"photo-1615307815199-f7af02630b9e","publicUrl":"https://assets.nicepagecdn.com/037ced4a/6616528/images/photo-1615307815199-f7af02630b9e.jpeg","size":147133,"hash":"VUdCGzpwerjv937IzuzkzmgqPq0=","width":1080,"height":1620,"folderId":null,"thumbnail":{"url":"https://assets.nicepagecdn.com/037ced4a/6616528/images/thumbnails/photo-1615307815199-f7af02630b9e.jpeg","width":100,"height":150},"originalUrl":"https://images.unsplash.com/photo-1615307815199-f7af02630b9e?crop=entropy&cs=tinysrgb&fit=max&fm=jpg&ixid=M3w1NzgzNjl8MHwxfGNvbGxlY3Rpb258NHxtd2hxRGdiQV9tSXx8fHx8Mnx8MTc3MDA2NDQxM3w&ixlib=rb-4.1.0&q=80&w=1080","usages":[]},{"id":"user-image-photo-1712171984461-9a18baa57c42.jpeg","fileName":"photo-1712171984461-9a18baa57c42.jpeg","name":"photo-1712171984461-9a18baa57c42","publicUrl":"https://assets.nicepagecdn.com/037ced4a/6616528/images/photo-1712171984461-9a18baa57c42.jpeg","size":235240,"hash":"6PPbSSFFktqG5CV4VD23bSWwfLg=","width":1080,"height":1440,"folderId":null,"thumbnail":{"url":"https://assets.nicepagecdn.com/037ced4a/6616528/images/thumbnails/photo-1712171984461-9a18baa57c42.jpeg","width":113,"height":150},"originalUrl":"https://images.unsplash.com/photo-1712171984461-9a18baa57c42?crop=entropy&cs=tinysrgb&fit=max&fm=jpg&ixid=M3w1NzgzNjl8MHwxfGNvbGxlY3Rpb258MjB8bXdocURnYkFfbUl8fHx8fDJ8fDE3NzAwNjQ0MTN8&ixlib=rb-4.1.0&q=80&w=1080","usages":[]},{"id":"user-image-photo-1571062618385-7cf10f16a2f4.jpeg","fileName":"photo-1571062618385-7cf10f16a2f4.jpeg","name":"photo-1571062618385-7cf10f16a2f4","publicUrl":"https://assets.nicepagecdn.com/037ced4a/6616528/images/photo-1571062618385-7cf10f16a2f4.jpeg","size":209399,"hash":"dRWfzOL5dGr9wFLXUS1E/KRB4pU=","width":1080,"height":1620,"folderId":null,"thumbnail":{"url":"https://assets.nicepagecdn.com/037ced4a/6616528/images/thumbnails/photo-1571062618385-7cf10f16a2f4.jpeg","width":100,"height":150},"originalUrl":"https://images.unsplash.com/photo-1571062618385-7cf10f16a2f4?crop=entropy&cs=tinysrgb&fit=max&fm=jpg&ixid=M3w1NzgzNjl8MHwxfGNvbGxlY3Rpb258OHxtd2hxRGdiQV9tSXx8fHx8Mnx8MTc3MDA2NDQxM3w&ixlib=rb-4.1.0&q=80&w=1080","usages":[]},{"id":"user-image-photo-1626081062126-d3b192c1fcb0.jpeg","fileName":"photo-1626081062126-d3b192c1fcb0.jpeg","name":"photo-1626081062126-d3b192c1fcb0","publicUrl":"https://assets.nicepagecdn.com/037ced4a/6616528/images/photo-1626081062126-d3b192c1fcb0.jpeg","size":134735,"hash":"6QbDAvoT0DiJT6W/7zLVqvpM8K8=","width":1080,"height":715,"folderId":null,"thumbnail":{"url":"https://assets.nicepagecdn.com/037ced4a/6616528/images/thumbnails/photo-1626081062126-d3b192c1fcb0.jpeg","width":150,"height":99},"originalUrl":"https://images.unsplash.com/photo-1626081062126-d3b192c1fcb0?crop=entropy&cs=tinysrgb&fit=max&fm=jpg&ixid=M3w1NzgzNjl8MHwxfGNvbGxlY3Rpb258Mnxtd2hxRGdiQV9tSXx8fHx8Mnx8MTc3MDA2NDQxM3w&ixlib=rb-4.1.0&q=80&w=1080","usages":["28158542"]},{"id":"user-image-photo-1719639946895-662d3a096402.jpeg","fileName":"photo-1719639946895-662d3a096402.jpeg","name":"photo-1719639946895-662d3a096402","publicUrl":"https://assets.nicepagecdn.com/037ced4a/6616528/images/photo-1719639946895-662d3a096402.jpeg","size":149367,"hash":"r8CSBaANAS4gNa8xK90MEYgxKmI=","width":1080,"height":720,"folderId":null,"thumbnail":{"url":"https://assets.nicepagecdn.com/037ced4a/6616528/images/thumbnails/photo-1719639946895-662d3a096402.jpeg","width":150,"height":100},"originalUrl":"https://images.unsplash.com/photo-1719639946895-662d3a096402?crop=entropy&cs=tinysrgb&fit=max&fm=jpg&ixid=M3w1NzgzNjl8MHwxfGNvbGxlY3Rpb258MTl8bXdocURnYkFfbUl8fHx8fDJ8fDE3NzAwNjQ0MTN8&ixlib=rb-4.1.0&q=80&w=1080","usages":[]},{"id":"user-image-photo-1590399000621-a0b96d731d9d.jpeg","fileName":"photo-1590399000621-a0b96d731d9d.jpeg","name":"photo-1590399000621-a0b96d731d9d","publicUrl":"https://assets.nicepagecdn.com/037ced4a/6616528/images/photo-1590399000621-a0b96d731d9d.jpeg","size":219257,"hash":"v0ZP3+BzuAIGZlAtWyrtU7zWDKA=","width":1080,"height":1618,"folderId":null,"thumbnail":{"url":"https://assets.nicepagecdn.com/037ced4a/6616528/images/thumbnails/photo-1590399000621-a0b96d731d9d.jpeg","width":100,"height":150},"originalUrl":"https://images.unsplash.com/photo-1590399000621-a0b96d731d9d?crop=entropy&cs=tinysrgb&fit=max&fm=jpg&ixid=M3w1NzgzNjl8MHwxfGNvbGxlY3Rpb258Nnxtd2hxRGdiQV9tSXx8fHx8Mnx8MTc3MDA2NDQxM3w&ixlib=rb-4.1.0&q=80&w=1080","usages":[]},{"id":"user-image-photo-1611491064644-a9ff17219a53.jpeg","fileName":"photo-1611491064644-a9ff17219a53.jpeg","name":"photo-1611491064644-a9ff17219a53","publicUrl":"https://assets.nicepagecdn.com/037ced4a/6616528/images/photo-1611491064644-a9ff17219a53.jpeg","size":165913,"hash":"L/qS+slHETLpBJvveFQpeLxzBko=","width":1080,"height":1620,"folderId":null,"thumbnail":{"url":"https://assets.nicepagecdn.com/037ced4a/6616528/images/thumbnails/photo-1611491064644-a9ff17219a53.jpeg","width":100,"height":150},"originalUrl":"https://images.unsplash.com/photo-1611491064644-a9ff17219a53?crop=entropy&cs=tinysrgb&fit=max&fm=jpg&ixid=M3w1NzgzNjl8MHwxfGNvbGxlY3Rpb258MTR8bXdocURnYkFfbUl8fHx8fDJ8fDE3NzAwNjQ0MTN8&ixlib=rb-4.1.0&q=80&w=1080","usages":[]}]