[{"id":257605935,"title":"Blog Template","order":1,"templateKey":"blog","customTemplate":false,"customTemplateFilename":null,"pageLinks":[],"dateCreated":"2026-02-02T20:33:01.355Z","dateUpdated":"2026-02-02T20:33:08.102Z","folderId":null,"pageName":"Blog Template","sectionCount":1,"status":2},{"id":685314275,"title":"Post Template","order":2,"templateKey":"post","customTemplate":false,"customTemplateFilename":null,"pageLinks":[],"dateCreated":"2026-02-02T20:33:01.426Z","dateUpdated":"2026-02-02T20:33:08.102Z","folderId":null,"pageName":"Post Template","sectionCount":1,"status":2},{"id":97294620,"title":"Product List Template","order":3,"templateKey":"products","customTemplate":false,"customTemplateFilename":null,"pageLinks":[],"dateCreated":"2026-02-02T20:33:01.487Z","dateUpdated":"2026-02-02T20:33:08.102Z","folderId":null,"pageName":"Product List Template","sectionCount":1,"status":2},{"id":220206983,"title":"Product Details Template","order":4,"templateKey":"product","customTemplate":false,"customTemplateFilename":null,"pageLinks":[],"dateCreated":"2026-02-02T20:33:01.553Z","dateUpdated":"2026-02-02T20:33:08.102Z","folderId":null,"pageName":"Product Details Template","sectionCount":1,"status":2},{"id":982723570,"title":"Shopping Cart Template","order":5,"templateKey":"cart","customTemplate":false,"customTemplateFilename":null,"pageLinks":[],"dateCreated":"2026-02-02T20:33:01.615Z","dateUpdated":"2026-02-02T20:33:08.102Z","folderId":null,"pageName":"Shopping Cart Template","sectionCount":1,"status":2},{"id":86282975,"title":"Login Template","order":7,"templateKey":"login","customTemplate":false,"customTemplateFilename":null,"pageLinks":[],"dateCreated":"2026-02-02T20:33:01.678Z","dateUpdated":"2026-02-02T20:33:08.102Z","folderId":null,"pageName":"Login Template","sectionCount":1,"status":2},{"id":58065554,"title":"Search Template","order":8,"templateKey":"Search","customTemplate":false,"customTemplateFilename":null,"pageLinks":[],"dateCreated":"2026-02-02T20:33:01.712Z","dateUpdated":"2026-02-02T20:33:08.102Z","folderId":null,"pageName":"Search Template","sectionCount":1,"status":2},{"id":176192042,"title":"Password Template","order":9,"templateKey":"password","customTemplate":false,"customTemplateFilename":null,"pageLinks":[],"dateCreated":"2026-02-02T20:33:01.753Z","dateUpdated":"2026-02-02T20:33:08.102Z","folderId":null,"pageName":"Password Template","sectionCount":1,"status":2},{"id":935727085,"title":"404 Not Found Template","order":10,"templateKey":"404","customTemplate":false,"customTemplateFilename":null,"pageLinks":[],"dateCreated":"2026-02-02T20:33:01.782Z","dateUpdated":"2026-02-02T20:33:08.102Z","folderId":null,"pageName":"404 Not Found Template","sectionCount":1,"status":2},{"id":365119278,"title":"Thank You Template","order":11,"templateKey":"ThankYou","customTemplate":false,"customTemplateFilename":null,"pageLinks":[],"dateCreated":"2026-02-02T20:33:01.811Z","dateUpdated":"2026-02-02T20:33:08.102Z","folderId":null,"pageName":"Thank You Template","sectionCount":1,"status":2},{"id":28158542,"title":"Home","order":50,"templateKey":null,"customTemplate":false,"customTemplateFilename":null,"pageLinks":["1794203431","28158542","52300827","40047809"],"dateCreated":"2026-02-02T20:43:06.683Z","dateUpdated":"2026-02-03T16:29:35.419Z","folderId":null,"pageName":"Home_28158542","sectionCount":3,"status":2},{"id":52300827,"title":"About","order":100,"templateKey":null,"customTemplate":false,"customTemplateFilename":null,"pageLinks":["28158542","1794203431","52300827","40047809"],"dateCreated":"2026-02-02T20:33:01.927Z","dateUpdated":"2026-02-02T23:23:34.555Z","folderId":null,"pageName":"About_52300827","sectionCount":1,"status":2},{"id":40047809,"title":"Contact","order":101,"templateKey":null,"customTemplate":false,"customTemplateFilename":null,"pageLinks":["28158542","1794203431","52300827","40047809"],"dateCreated":"2026-02-02T20:33:01.945Z","dateUpdated":"2026-02-02T23:43:52.521Z","folderId":null,"pageName":"Contact_40047809","sectionCount":1,"status":2},{"id":1794203431,"title":"Creations","order":102,"templateKey":null,"customTemplate":false,"customTemplateFilename":null,"pageLinks":["28158542","1794203431","52300827","40047809"],"dateCreated":"2026-02-02T21:10:33.829Z","dateUpdated":"2026-02-03T17:18:21.702Z","folderId":null,"pageName":"Creations_1794203431","sectionCount":3,"status":2}]